,title,reviewer,overall,story,acting,music,rewatch
0,Mr. Sunshine,kingsqueen,10,10,10,10,10
1,Goblin,kingsqueen,10,10,10,10,10
2,The Bride of Habaek,kingsqueen,7.0,7.0,7.0,9.0,5.5
3,Jealousy Incarnate,kingsqueen,8.5,8.5,10,10,9.0
4,Suspicious Partner,kingsqueen,7.0,7.0,9.0,7.0,5.0
5,Pinocchio,kingsqueen,9.0,8.5,10,8.0,8.0
6,Temperature of Love,kingsqueen,4.5,4.0,7.0,8.0,1.0
7,Black,kingsqueen,8.0,7.5,8.5,9.5,6.5
8,Strong Woman Do Bong Soon,kingsqueen,7.0,5.0,9.0,9.0,5.0
9,Radio Romance,kingsqueen,7.0,5.0,8.0,8.5,6.5
10,What's Wrong with Secretary Kim,kingsqueen,8.0,7.0,8.5,8.5,7.0
11,7 First Kisses,kingsqueen,5.0,5.0,7.0,7.0,2.0
12,Hit the Top,kingsqueen,6.5,6.0,8.0,8.0,4.0
13,The Guardians,kingsqueen,8.0,8.0,10,10,6.5
14,I'm Not a Robot,kingsqueen,10,9.0,10,9.0,10
0,Prison Playbook,kingsqueen,10,9.5,10,10,9.5
1,My Annoying Brother,kingsqueen,9.0,9.5,9.5,10,9.0
2,Life Risking Romance,kingsqueen,8.0,7.0,9.0,8.0,7.0
3,My Secret Romance,kingsqueen,5.5,5.5,7.0,7.0,2.0
4,Healer,kingsqueen,10,9.0,10,10,10
5,My Little Baby,kingsqueen,8.0,8.0,8.0,5.0,7.0
6,Jugglers,kingsqueen,8.5,8.5,9.5,9.0,8.0
7,Go Ho's Starry Night,kingsqueen,8.5,9.0,9.0,8.0,8.0
8,The Greatest Love,kingsqueen,9.0,9.0,9.0,9.0,9.0
9,Come and Hug Me,kingsqueen,7.0,6.0,10,8.0,5.0
10,The Package,kingsqueen,9.5,9.5,9.5,9.0,8.0
11,Doctors,kingsqueen,6.5,6.0,9.0,8.0,2.0
12,Touching You,kingsqueen,6.5,8.5,9.0,7.5,6.5
13,The Legend of the Blue Sea,kingsqueen,7.5,8.5,8.5,8.5,6.0
14,It's Okay to Not Be Okay,kingsqueen,10,10,10,10,10
0,Wok of Love,kingsqueen,7.0,6.0,9.0,9.0,5.0
1,Live,kingsqueen,9.0,9.0,9.5,10,5.0
2,Love Me If You Dare,kingsqueen,6.5,6.5,7.5,8.0,5.0
3,Terius Behind Me,kingsqueen,7.0,6.0,10,8.0,5.0
4,Something About 1 Percent,kingsqueen,10,9.0,10,9.0,10
5,Tomorrow With You,kingsqueen,7.5,7.0,8.0,8.0,6.0
6,Let's Eat 2,kingsqueen,8.0,8.0,10,8.5,7.0
7,Five Enough,kingsqueen,8.5,9.0,9.0,8.0,8.0
8,Fight For My Way,kingsqueen,10,9.5,10,9.5,10
9,Dramaworld,kingsqueen,6.0,6.0,6.5,5.0,2.0
10,Weightlifting Fairy Kim Bok Joo,kingsqueen,9.5,9.0,10,9.0,9.0
11,Because This is My First Life,kingsqueen,8.5,8.0,9.5,9.0,6.5
12,Beautiful Gong Shim,kingsqueen,5.5,3.0,9.0,8.0,3.0
13,Miss & Mrs. Cops,kingsqueen,8.5,8.0,10,8.0,8.5
14,The Ghost Detective,kingsqueen,3.5,3.5,8.0,10,1.0
0,The Thieves,kingsqueen,9.0,9.0,9.0,9.0,9.0
1,Innocent Thing,kingsqueen,8.0,8.0,9.0,7.0,5.0
2,Queen of the Ring,kingsqueen,5.5,4.0,7.0,5.0,2.0
3,Introverted Boss,kingsqueen,6.5,6.5,8.0,8.0,3.0
4,Thirty But Seventeen,kingsqueen,9.5,9.5,10,9.0,9.0
5,Something in the Rain,kingsqueen,8.0,6.0,10,8.0,6.0
6,"Hyde, Jekyll, Me",kingsqueen,7.0,7.0,8.5,8.5,6.0
7,Queen In Hyun's Man,kingsqueen,10,9.5,10,10,10
8,Another Miss Oh,kingsqueen,9.5,9.0,10,9.0,10
9,Witch's Romance,kingsqueen,6.5,7.0,8.0,6.0,4.0
10,Chicago Typewriter,kingsqueen,10,10,10,10,10
11,The Secret Life of My Secretary,kingsqueen,10,9.0,9.5,10,10
12,Girls' Generation 1979,kingsqueen,9.5,8.5,9.5,10,8.0
13,Signal,kingsqueen,10,10,10,8.5,9.0
14,"Marriage, Not Dating",kingsqueen,7.5,7.5,9.0,8.5,6.5
0,You're All Surrounded,kingsqueen,9.0,9.0,8.5,9.0,7.0
1,My Princess,kingsqueen,7.0,7.0,9.0,3.0,5.0
2,Frozen Love,kingsqueen,8.5,8.0,10,9.0,8.0
3,Sweet Stranger and Me,kingsqueen,7.0,7.0,8.5,7.0,5.0
4,My Lovely Sam Soon,kingsqueen,8.0,8.0,8.0,7.5,7.0
5,Tazza: The Hidden Card,kingsqueen,9.5,10,10,8.0,9.0
6,Couple or Trouble,kingsqueen,8.0,8.0,8.0,8.0,5.5
7,Warm and Cozy,kingsqueen,6.5,7.0,8.0,8.0,3.0
8,One More Happy Ending,kingsqueen,7.0,8.0,8.5,6.0,5.0
9,Rascal Sons,kingsqueen,8.0,8.0,9.0,7.0,5.5
10,"It's Okay, That's Love",kingsqueen,8.0,8.5,9.0,7.0,6.5
11,Splash Splash LOVE,kingsqueen,9.0,8.5,9.0,7.0,9.0
12,Reply 1994,kingsqueen,7.5,8.5,8.0,7.5,7.0
13,Cunning Single Lady,kingsqueen,9.0,8.0,9.0,8.0,9.0
14,Go Back Couple,kingsqueen,9.5,9.5,9.5,9.5,9.5
0,Fated to Love You,kingsqueen,9.0,9.0,8.5,9.0,8.5
1,Oh My Venus,kingsqueen,9.5,9.5,9.5,10,10
2,Save Me,kingsqueen,8.5,8.5,9.0,8.5,7.5
3,Once Again,kingsqueen,9.0,9.5,8.5,8.0,8.0
4,Black Dog,kingsqueen,9.0,9.0,10,9.0,8.0
5,Stranger,kingsqueen,9.0,9.0,10,7.0,7.0
6,Naeil's Cantabile,kingsqueen,7.0,7.5,8.0,9.0,2.5
7,What Happens to My Family?,kingsqueen,8.0,8.0,7.0,8.0,6.0
8,Personal Taste,kingsqueen,7.0,8.0,8.0,7.0,5.0
9,Shopping King Louie,kingsqueen,8.5,8.0,9.0,8.0,8.0
10,19-Nineteen,kingsqueen,6.5,6.5,7.5,7.0,6.5
11,Hello Monster,kingsqueen,8.5,9.0,10,8.0,7.0
12,"Noble, My Love",kingsqueen,7.0,7.0,8.0,6.0,5.0
13,The Master's Sun,kingsqueen,10,9.5,10,9.5,9.0
14,Kimcheed Radish Cubes,kingsqueen,7.0,7.0,7.5,6.0,3.0
0,Radiant Office,kingsqueen,8.0,8.0,9.0,7.0,5.0
1,Reply 1988,kingsqueen,9.5,9.5,9.5,9.0,9.5
2,The King: Eternal Monarch,kingsqueen,6.5,6.0,8.0,9.0,6.0
3,Secret Garden,kingsqueen,7.0,6.0,10,8.0,6.0
4,Discovery of Romance,kingsqueen,8.0,8.5,10,8.0,4.0
5,You Who Came from the Stars,kingsqueen,9.0,9.0,10,9.0,9.0
6,All About My Romance,kingsqueen,8.5,8.0,10,8.0,8.0
7,The Secret Message,kingsqueen,9.0,9.0,9.0,9.0,8.0
8,Flower of Evil,kingsqueen,9.0,9.5,9.0,9.5,8.0
9,The Light in Your Eyes,kingsqueen,8.5,8.5,9.0,8.0,4.0
10,Dinner Mate,kingsqueen,7.0,6.5,9.0,8.0,4.0
11,Familiar Wife,kingsqueen,8.0,8.0,10,9.0,6.0
12,A Poem a Day,kingsqueen,7.5,7.0,8.5,6.5,6.5
13,Drunken to Love You,kingsqueen,7.0,7.0,6.5,6.0,5.5
14,Surplus Princess,kingsqueen,7.0,7.0,8.0,8.0,6.0
0,Baek Hee Has Returned,kingsqueen,8.0,8.0,9.0,6.0,6.0
1,Big,kingsqueen,7.0,7.0,9.0,6.5,5.0
2,Late Autumn,kingsqueen,8.5,8.0,9.5,5.5,7.5
3,One Sunny Day,kingsqueen,7.0,7.0,8.5,5.5,6.0
4,High School King of Savvy,kingsqueen,8.5,8.5,9.0,7.0,8.5
5,Sweet 18,kingsqueen,6.0,8.5,8.0,7.0,8.5
6,"Delightful Girl, Choon Hyang",kingsqueen,8.0,8.5,8.5,5.5,6.0
7,You Are The Best!,kingsqueen,6.0,6.0,8.0,5.5,2.0
8,Reply 1997,kingsqueen,9.0,9.0,10,8.0,9.0
9,Birth of a Beauty,kingsqueen,7.5,7.5,8.0,7.5,5.0
10,Lie to Me,kingsqueen,7.0,7.0,8.0,6.0,5.0
11,Hospital Playlist,kingsqueen,8.0,8.0,10,7.5,6.0
12,One Spring Night,kingsqueen,8.5,7.5,10,8.0,9.0
13,Tunnel,kingsqueen,8.5,8.5,9.5,9.0,6.0
14,Let's Eat,kingsqueen,8.0,8.0,8.0,7.0,5.5
0,Oh My Ghostess,kingsqueen,9.0,9.0,9.0,7.5,7.5
1,Backstreet Rookie,kingsqueen,7.5,7.0,7.5,9.0,7.0
2,My Little Bride,kingsqueen,8.0,9.0,9.0,5.0,8.0
3,My P.S. Partner,kingsqueen,8.0,8.0,9.0,8.0,6.0
4,Always,kingsqueen,9.5,10,9.5,7.5,9.5
5,I Need Romance,kingsqueen,5.5,5.0,7.5,5.0,2.0
0,Oh My Ghostess,kingsqueen,9.0,9.0,9.0,7.5,7.5
1,Backstreet Rookie,kingsqueen,7.5,7.0,7.5,9.0,7.0
2,My Little Bride,kingsqueen,8.0,9.0,9.0,5.0,8.0
3,My P.S. Partner,kingsqueen,8.0,8.0,9.0,8.0,6.0
4,Always,kingsqueen,9.5,10,9.5,7.5,9.5
5,I Need Romance,kingsqueen,5.5,5.0,7.5,5.0,2.0
0,Mr. Sunshine,kingsqueen,10,10,10,10,10
1,Goblin,kingsqueen,10,10,10,10,10
2,The Bride of Habaek,kingsqueen,7.0,7.0,7.0,9.0,5.5
3,Jealousy Incarnate,kingsqueen,8.5,8.5,10,10,9.0
4,Suspicious Partner,kingsqueen,7.0,7.0,9.0,7.0,5.0
5,Pinocchio,kingsqueen,9.0,8.5,10,8.0,8.0
6,Temperature of Love,kingsqueen,4.5,4.0,7.0,8.0,1.0
7,Black,kingsqueen,8.0,7.5,8.5,9.5,6.5
8,Strong Woman Do Bong Soon,kingsqueen,7.0,5.0,9.0,9.0,5.0
9,Radio Romance,kingsqueen,7.0,5.0,8.0,8.5,6.5
10,What's Wrong with Secretary Kim,kingsqueen,8.0,7.0,8.5,8.5,7.0
11,7 First Kisses,kingsqueen,5.0,5.0,7.0,7.0,2.0
12,Hit the Top,kingsqueen,6.5,6.0,8.0,8.0,4.0
13,The Guardians,kingsqueen,8.0,8.0,10,10,6.5
14,I'm Not a Robot,kingsqueen,10,9.0,10,9.0,10
0,Prison Playbook,kingsqueen,10,9.5,10,10,9.5
1,My Annoying Brother,kingsqueen,9.0,9.5,9.5,10,9.0
2,Life Risking Romance,kingsqueen,8.0,7.0,9.0,8.0,7.0
3,My Secret Romance,kingsqueen,5.5,5.5,7.0,7.0,2.0
4,Healer,kingsqueen,10,9.0,10,10,10
5,My Little Baby,kingsqueen,8.0,8.0,8.0,5.0,7.0
6,Jugglers,kingsqueen,8.5,8.5,9.5,9.0,8.0
7,Go Ho's Starry Night,kingsqueen,8.5,9.0,9.0,8.0,8.0
8,The Greatest Love,kingsqueen,9.0,9.0,9.0,9.0,9.0
9,Come and Hug Me,kingsqueen,7.0,6.0,10,8.0,5.0
10,The Package,kingsqueen,9.5,9.5,9.5,9.0,8.0
11,Doctors,kingsqueen,6.5,6.0,9.0,8.0,2.0
12,Touching You,kingsqueen,6.5,8.5,9.0,7.5,6.5
13,The Legend of the Blue Sea,kingsqueen,7.5,8.5,8.5,8.5,6.0
14,It's Okay to Not Be Okay,kingsqueen,10,10,10,10,10
0,Wok of Love,kingsqueen,7.0,6.0,9.0,9.0,5.0
1,Live,kingsqueen,9.0,9.0,9.5,10,5.0
2,Love Me If You Dare,kingsqueen,6.5,6.5,7.5,8.0,5.0
3,Terius Behind Me,kingsqueen,7.0,6.0,10,8.0,5.0
4,Something About 1 Percent,kingsqueen,10,9.0,10,9.0,10
5,Tomorrow With You,kingsqueen,7.5,7.0,8.0,8.0,6.0
6,Let's Eat 2,kingsqueen,8.0,8.0,10,8.5,7.0
7,Five Enough,kingsqueen,8.5,9.0,9.0,8.0,8.0
8,Fight For My Way,kingsqueen,10,9.5,10,9.5,10
9,Dramaworld,kingsqueen,6.0,6.0,6.5,5.0,2.0
10,Weightlifting Fairy Kim Bok Joo,kingsqueen,9.5,9.0,10,9.0,9.0
11,Because This is My First Life,kingsqueen,8.5,8.0,9.5,9.0,6.5
12,Beautiful Gong Shim,kingsqueen,5.5,3.0,9.0,8.0,3.0
13,Miss & Mrs. Cops,kingsqueen,8.5,8.0,10,8.0,8.5
14,The Ghost Detective,kingsqueen,3.5,3.5,8.0,10,1.0
0,The Thieves,kingsqueen,9.0,9.0,9.0,9.0,9.0
1,Innocent Thing,kingsqueen,8.0,8.0,9.0,7.0,5.0
2,Queen of the Ring,kingsqueen,5.5,4.0,7.0,5.0,2.0
3,Introverted Boss,kingsqueen,6.5,6.5,8.0,8.0,3.0
4,Thirty But Seventeen,kingsqueen,9.5,9.5,10,9.0,9.0
5,Something in the Rain,kingsqueen,8.0,6.0,10,8.0,6.0
6,"Hyde, Jekyll, Me",kingsqueen,7.0,7.0,8.5,8.5,6.0
7,Queen In Hyun's Man,kingsqueen,10,9.5,10,10,10
8,Another Miss Oh,kingsqueen,9.5,9.0,10,9.0,10
9,Witch's Romance,kingsqueen,6.5,7.0,8.0,6.0,4.0
10,Chicago Typewriter,kingsqueen,10,10,10,10,10
11,The Secret Life of My Secretary,kingsqueen,10,9.0,9.5,10,10
12,Girls' Generation 1979,kingsqueen,9.5,8.5,9.5,10,8.0
13,Signal,kingsqueen,10,10,10,8.5,9.0
14,"Marriage, Not Dating",kingsqueen,7.5,7.5,9.0,8.5,6.5
0,You're All Surrounded,kingsqueen,9.0,9.0,8.5,9.0,7.0
1,My Princess,kingsqueen,7.0,7.0,9.0,3.0,5.0
2,Frozen Love,kingsqueen,8.5,8.0,10,9.0,8.0
3,Sweet Stranger and Me,kingsqueen,7.0,7.0,8.5,7.0,5.0
4,My Lovely Sam Soon,kingsqueen,8.0,8.0,8.0,7.5,7.0
5,Tazza: The Hidden Card,kingsqueen,9.5,10,10,8.0,9.0
6,Couple or Trouble,kingsqueen,8.0,8.0,8.0,8.0,5.5
7,Warm and Cozy,kingsqueen,6.5,7.0,8.0,8.0,3.0
8,One More Happy Ending,kingsqueen,7.0,8.0,8.5,6.0,5.0
9,Rascal Sons,kingsqueen,8.0,8.0,9.0,7.0,5.5
10,"It's Okay, That's Love",kingsqueen,8.0,8.5,9.0,7.0,6.5
11,Splash Splash LOVE,kingsqueen,9.0,8.5,9.0,7.0,9.0
12,Reply 1994,kingsqueen,7.5,8.5,8.0,7.5,7.0
13,Cunning Single Lady,kingsqueen,9.0,8.0,9.0,8.0,9.0
14,Go Back Couple,kingsqueen,9.5,9.5,9.5,9.5,9.5
0,Fated to Love You,kingsqueen,9.0,9.0,8.5,9.0,8.5
1,Oh My Venus,kingsqueen,9.5,9.5,9.5,10,10
2,Save Me,kingsqueen,8.5,8.5,9.0,8.5,7.5
3,Once Again,kingsqueen,9.0,9.5,8.5,8.0,8.0
4,Black Dog,kingsqueen,9.0,9.0,10,9.0,8.0
5,Stranger,kingsqueen,9.0,9.0,10,7.0,7.0
6,Naeil's Cantabile,kingsqueen,7.0,7.5,8.0,9.0,2.5
7,What Happens to My Family?,kingsqueen,8.0,8.0,7.0,8.0,6.0
8,Personal Taste,kingsqueen,7.0,8.0,8.0,7.0,5.0
9,Shopping King Louie,kingsqueen,8.5,8.0,9.0,8.0,8.0
10,19-Nineteen,kingsqueen,6.5,6.5,7.5,7.0,6.5
11,Hello Monster,kingsqueen,8.5,9.0,10,8.0,7.0
12,"Noble, My Love",kingsqueen,7.0,7.0,8.0,6.0,5.0
13,The Master's Sun,kingsqueen,10,9.5,10,9.5,9.0
14,Kimcheed Radish Cubes,kingsqueen,7.0,7.0,7.5,6.0,3.0
0,Radiant Office,kingsqueen,8.0,8.0,9.0,7.0,5.0
1,Reply 1988,kingsqueen,9.5,9.5,9.5,9.0,9.5
2,The King: Eternal Monarch,kingsqueen,6.5,6.0,8.0,9.0,6.0
3,Secret Garden,kingsqueen,7.0,6.0,10,8.0,6.0
4,Discovery of Romance,kingsqueen,8.0,8.5,10,8.0,4.0
5,You Who Came from the Stars,kingsqueen,9.0,9.0,10,9.0,9.0
6,All About My Romance,kingsqueen,8.5,8.0,10,8.0,8.0
7,The Secret Message,kingsqueen,9.0,9.0,9.0,9.0,8.0
8,Flower of Evil,kingsqueen,9.0,9.5,9.0,9.5,8.0
9,The Light in Your Eyes,kingsqueen,8.5,8.5,9.0,8.0,4.0
10,Dinner Mate,kingsqueen,7.0,6.5,9.0,8.0,4.0
11,Familiar Wife,kingsqueen,8.0,8.0,10,9.0,6.0
12,A Poem a Day,kingsqueen,7.5,7.0,8.5,6.5,6.5
13,Drunken to Love You,kingsqueen,7.0,7.0,6.5,6.0,5.5
14,Surplus Princess,kingsqueen,7.0,7.0,8.0,8.0,6.0
0,Baek Hee Has Returned,kingsqueen,8.0,8.0,9.0,6.0,6.0
1,Big,kingsqueen,7.0,7.0,9.0,6.5,5.0
2,Late Autumn,kingsqueen,8.5,8.0,9.5,5.5,7.5
3,One Sunny Day,kingsqueen,7.0,7.0,8.5,5.5,6.0
4,High School King of Savvy,kingsqueen,8.5,8.5,9.0,7.0,8.5
5,Sweet 18,kingsqueen,6.0,8.5,8.0,7.0,8.5
6,"Delightful Girl, Choon Hyang",kingsqueen,8.0,8.5,8.5,5.5,6.0
7,You Are The Best!,kingsqueen,6.0,6.0,8.0,5.5,2.0
8,Reply 1997,kingsqueen,9.0,9.0,10,8.0,9.0
9,Birth of a Beauty,kingsqueen,7.5,7.5,8.0,7.5,5.0
10,Lie to Me,kingsqueen,7.0,7.0,8.0,6.0,5.0
11,Hospital Playlist,kingsqueen,8.0,8.0,10,7.5,6.0
12,One Spring Night,kingsqueen,8.5,7.5,10,8.0,9.0
13,Tunnel,kingsqueen,8.5,8.5,9.5,9.0,6.0
14,Let's Eat,kingsqueen,8.0,8.0,8.0,7.0,5.5
0,Oh My Ghostess,kingsqueen,9.0,9.0,9.0,7.5,7.5
1,Backstreet Rookie,kingsqueen,7.5,7.0,7.5,9.0,7.0
2,My Little Bride,kingsqueen,8.0,9.0,9.0,5.0,8.0
3,My P.S. Partner,kingsqueen,8.0,8.0,9.0,8.0,6.0
4,Always,kingsqueen,9.5,10,9.5,7.5,9.5
5,I Need Romance,kingsqueen,5.5,5.0,7.5,5.0,2.0
0,Oh My Ghostess,kingsqueen,9.0,9.0,9.0,7.5,7.5
1,Backstreet Rookie,kingsqueen,7.5,7.0,7.5,9.0,7.0
2,My Little Bride,kingsqueen,8.0,9.0,9.0,5.0,8.0
3,My P.S. Partner,kingsqueen,8.0,8.0,9.0,8.0,6.0
4,Always,kingsqueen,9.5,10,9.5,7.5,9.5
5,I Need Romance,kingsqueen,5.5,5.0,7.5,5.0,2.0
0,Secret Love,Jo-hannah,8.5,8.5,9.5,10,8.0
1,Hormones,Jo-hannah,9.5,9.0,9.0,9.5,8.0
2,Brain Man,Jo-hannah,10,10,10,10,9.0
3,Boys Over Flowers,Jo-hannah,6.0,5.0,6.0,7.0,8.0
4,Heart Attack,Jo-hannah,10,10,10,10,10
5,Teacher's Diary,Jo-hannah,10,10,10,10,10
6,Mimi,Jo-hannah,7.0,7.0,7.0,10,7.0
7,Flower Grandpa Investigation Unit,Jo-hannah,7.0,8.0,10,10,5.0
8,The Girl Who Sees Scents,Jo-hannah,7.5,7.0,8.5,8.5,1.0
9,Full House,Jo-hannah,10,10,9.5,8.0,10
10,First Time,Jo-hannah,10,10,10,10,10
11,Drama Special Season 4: Neighborhood Watch,Jo-hannah,7.0,9.0,8.0,7.0,6.0
12,The Heirs,Jo-hannah,5.0,5.0,10,7.0,4.0
13,Hello Monster,Jo-hannah,9.5,9.5,10,9.0,9.0
14,Let's Eat,Jo-hannah,7.5,7.0,8.0,10,4.0
0,Mood of the Day,Jo-hannah,8.0,8.0,10,10,10
1,Wannueng Jaa Pben Superstar,Jo-hannah,9.0,8.0,9.0,9.0,10
2,"I'm a Cyborg, But That's OK",Jo-hannah,10,10,10,9.0,8.5
3,Friends Never Die,Jo-hannah,8.0,9.0,10,8.0,7.0
0,Mood of the Day,Jo-hannah,8.0,8.0,10,10,10
1,Wannueng Jaa Pben Superstar,Jo-hannah,9.0,8.0,9.0,9.0,10
2,"I'm a Cyborg, But That's OK",Jo-hannah,10,10,10,9.0,8.5
3,Friends Never Die,Jo-hannah,8.0,9.0,10,8.0,7.0
0,The King in Love,manicmuse,8.0,8.0,7.0,8.0,7.0
1,My Lovely Sam Soon,manicmuse,10,10,9.0,7.0,10
2,Queen for Seven Days,manicmuse,10,9.5,10,9.5,10
3,Padam Padam,manicmuse,9.0,9.0,10,8.0,8.0
4,The Master's Sun,manicmuse,9.0,8.0,10,7.0,9.0
5,Introverted Boss,manicmuse,8.0,7.0,9.0,8.0,7.0
6,Where Stars Land,manicmuse,8.0,8.0,8.5,7.0,7.5
7,Another Miss Oh,manicmuse,10,10,10,10,10
8,Hotel King,manicmuse,9.5,9.0,9.5,8.0,9.0
9,Flower Boy Ramen Shop,manicmuse,8.0,5.0,9.0,7.0,9.0
10,Lucky Romance,manicmuse,10,8.0,10,8.5,10
11,Lovely Horribly,manicmuse,4.0,3.0,5.0,5.0,2.0
12,"I'm Sorry, I Love You",manicmuse,8.0,8.0,10,8.0,7.0
13,The Legend of the Blue Sea,manicmuse,7.5,7.0,9.0,5.0,6.0
14,Itaewon Class,manicmuse,6.5,6.0,8.0,7.5,5.0
0,Last Scandal,manicmuse,8.5,8.0,9.0,7.0,8.0
1,The Smile Has Left Your Eyes,manicmuse,10,10,10,10,10
2,Terius Behind Me,manicmuse,9.5,9.0,10,8.0,9.0
3,Fated to Love You,manicmuse,9.5,9.0,9.5,8.0,9.0
4,My Secret Romance,manicmuse,7.0,5.0,8.0,4.0,5.0
5,When the Weather Is Fine,manicmuse,9.0,8.5,10,9.0,8.0
6,The Secret Life of My Secretary,manicmuse,8.0,7.5,9.0,7.0,8.0
7,"King of Baking, Kim Tak Goo",manicmuse,9.0,9.0,10,8.0,7.0
8,The Color of a Woman,manicmuse,5.0,6.0,5.0,8.0,4.0
9,Jugglers,manicmuse,6.5,5.0,8.0,8.0,5.0
10,I'm Not a Robot,manicmuse,10,9.0,10,9.0,10
11,Come and Hug Me,manicmuse,6.5,5.0,9.0,7.0,5.0
12,About Time,manicmuse,6.5,6.0,8.5,7.0,4.5
13,Il Mare,manicmuse,8.0,10,7.0,7.0,9.0
14,Chocolate,manicmuse,7.5,7.0,9.0,8.0,5.0
0,The Undateables,manicmuse,5.0,4.0,6.0,8.0,2.0
1,The Greatest Love,manicmuse,8.5,8.0,10,8.0,8.0
2,King2Hearts,manicmuse,10,10,10,9.0,10
3,The Nokdu Flower,manicmuse,10,10,10,9.0,9.5
4,Scent of a Woman,manicmuse,9.5,8.0,10,5.0,8.0
5,I Have a Lover,manicmuse,7.5,7.0,9.0,9.5,6.0
6,"That Winter, The Wind Blows",manicmuse,9.5,9.5,9.5,8.5,10
7,Moon Embracing the Sun,manicmuse,7.0,8.0,8.0,7.0,5.0
8,A Tale of Two Sisters,manicmuse,10,10,10,10,10
9,Biscuit Teacher and Star Candy,manicmuse,7.0,7.0,7.0,6.0,6.0
10,Strong Woman Do Bong Soon,manicmuse,9.0,7.0,9.0,8.0,9.5
11,9 End 2 Outs,manicmuse,9.0,9.0,9.0,5.0,9.0
12,Cinderella and the Four Knights,manicmuse,4.0,2.0,6.0,7.0,1.0
13,Descendants of the Sun,manicmuse,6.5,4.0,8.0,6.5,5.0
14,Jealousy Incarnate,manicmuse,10,9.5,10,10,10
0,Jang Ok Jung,manicmuse,9.0,10,9.0,8.0,8.0
1,Hello Monster,manicmuse,8.5,9.0,10,6.0,9.0
2,Suicide Circle,manicmuse,8.0,8.0,8.0,10,9.0
3,My Sassy Girl,manicmuse,9.0,9.0,9.0,7.0,10
4,A Piece of Your Mind,manicmuse,5.5,4.0,9.0,7.0,3.5
5,Dal Ja's Spring,manicmuse,9.0,7.5,10,8.0,8.0
6,Let Me Introduce Her,manicmuse,6.0,6.0,7.5,6.0,5.0
7,Oh My Venus,manicmuse,7.5,4.0,9.0,7.5,7.0
8,The King of Dramas,manicmuse,8.0,9.0,9.0,7.5,7.0
9,Gu Family Book,manicmuse,9.0,8.0,9.0,7.0,8.0
10,Secret Boutique,manicmuse,8.0,8.0,8.0,7.0,6.0
11,Encounter,manicmuse,8.0,7.0,9.0,9.0,7.0
12,Wok of Love,manicmuse,9.0,7.0,10,8.0,10
13,Money Flower,manicmuse,10,10,10,10,9.0
14,The Package,manicmuse,8.5,8.0,9.0,9.0,10
0,Just Between Lovers,manicmuse,9.5,9.5,10,9.0,9.0
1,"Marriage, Not Dating",manicmuse,9.5,9.0,9.5,9.5,9.0
2,Coffee Prince,manicmuse,10,10,10,8.0,10
3,What Happened in Bali,manicmuse,6.5,5.0,8.0,7.0,5.0
4,"Me too, Flower!",manicmuse,8.0,8.0,8.0,7.5,7.0
5,The Beauty Inside,manicmuse,5.5,4.5,8.0,8.0,2.0
6,Woman with a Suitcase,manicmuse,7.0,5.0,8.0,7.5,6.0
7,Pasta,manicmuse,8.0,7.0,10,7.0,8.0
8,Cheese in the Trap,manicmuse,5.0,5.0,8.0,7.0,5.0
9,Thirty But Seventeen,manicmuse,9.5,9.5,10,9.0,10
10,My Mister,manicmuse,9.5,10,10,9.0,9.0
11,Fight For My Way,manicmuse,8.0,7.0,9.0,8.0,7.0
12,Empress Ki,manicmuse,10,9.5,10,9.0,10
13,Pinocchio,manicmuse,10,10,10,8.0,9.5
14,No Mercy,manicmuse,9.0,10,9.0,8.0,8.0
0,Shining Inheritance,manicmuse,7.0,9.0,10,6.0,7.0
1,Healer,manicmuse,10,9.0,10,8.5,10
2,Sungkyunkwan Scandal,manicmuse,9.0,9.0,10,8.0,10
3,Marriage Contract,manicmuse,7.0,6.0,9.5,5.0,6.0
4,Nine: Nine Times Time Travel,manicmuse,8.0,10,7.0,7.0,9.0
5,Big,manicmuse,2.0,1.0,4.0,6.0,1.0
6,Bride of the Century,manicmuse,6.0,6.0,9.0,7.0,5.0
7,Memories of the Alhambra,manicmuse,8.5,9.0,8.0,8.0,8.0
8,The Crowned Clown,manicmuse,8.5,9.0,10,8.0,7.5
9,Black,manicmuse,8.0,9.0,8.0,7.0,10
10,Shopping King Louie,manicmuse,8.0,6.0,9.5,8.0,7.0
11,Uncontrollably Fond,manicmuse,7.0,6.0,9.0,7.0,6.0
12,Doctors,manicmuse,6.5,5.0,8.0,7.0,5.0
13,A Beautiful Mind,manicmuse,7.5,7.0,9.0,7.0,6.0
14,Heart to Heart,manicmuse,9.5,9.0,9.5,8.0,10
0,Missing You,manicmuse,6.0,6.0,9.0,6.0,3.0
1,Beautiful Gong Shim,manicmuse,5.0,4.0,7.0,8.0,3.0
2,Crash Landing on You,manicmuse,8.0,8.0,9.5,7.0,7.5
3,While You Were Sleeping,manicmuse,7.5,9.0,7.5,7.5,7.0
4,Something About 1 Percent,manicmuse,7.5,7.0,8.0,7.5,7.5
5,"Please Come Back, Mister",manicmuse,6.5,8.0,6.0,9.0,7.0
6,Flower Boy Next Door,manicmuse,5.0,3.0,7.0,6.0,4.0
7,Extracurricular,manicmuse,9.5,9.5,10,8.0,9.0
8,The Tale of Nokdu,manicmuse,10,10,10,9.0,9.5
9,Love in the Moonlight,manicmuse,8.5,9.0,10,8.0,8.0
10,It's Okay to Not Be Okay,manicmuse,10,10,10,9.5,10
11,Go Back Couple,manicmuse,8.5,8.0,9.0,8.0,8.0
12,Ho Goo's Love,manicmuse,8.5,8.5,9.0,7.0,8.0
13,My Princess,manicmuse,7.0,6.0,8.0,6.0,7.0
14,Old Boy,manicmuse,7.0,8.0,9.0,8.0,8.0
0,"It's Okay, That's Love",manicmuse,9.5,9.0,10,9.0,10
1,Madame Antoine,manicmuse,7.0,6.0,9.0,7.5,7.0
2,Silenced,manicmuse,9.0,9.0,10,9.0,8.0
3,She Was Pretty,manicmuse,7.5,6.0,9.0,8.0,5.0
4,You Who Came from the Stars,manicmuse,8.5,8.5,9.0,7.0,7.0
5,The Princess's Man,manicmuse,10,10,10,9.0,9.0
6,Chicago Typewriter,manicmuse,10,10,9.5,10,10
7,My Holo Love,manicmuse,9.0,9.5,10,7.5,9.0
8,Hotel del Luna,manicmuse,9.0,9.0,10,8.0,8.0
9,Devilish Joy,manicmuse,7.0,5.0,9.0,7.5,6.0
10,My ID Is Gangnam Beauty,manicmuse,7.0,7.5,7.5,7.0,6.0
11,Birth of a Beauty,manicmuse,6.5,5.0,9.0,7.0,4.0
12,Defendant,manicmuse,8.5,8.0,10,8.0,8.0
13,Let's Eat 2,manicmuse,7.5,7.0,9.0,7.0,5.0
14,Queen of Ambition,manicmuse,9.5,10,9.5,8.0,9.0
0,Can You Hear My Heart,manicmuse,9.0,9.0,9.0,10,10
1,Goong,manicmuse,7.0,7.0,8.0,5.0,5.0
2,Reply 1997,manicmuse,9.0,9.0,10,7.0,7.0
3,Oh My Ghostess,manicmuse,9.5,9.0,10,8.0,9.5
4,My Girl,manicmuse,5.0,7.0,7.0,4.0,4.0
5,W,manicmuse,8.0,9.5,8.0,7.0,8.0
6,Melting Me Softly,manicmuse,4.0,2.0,6.0,5.0,1.5
7,The Innocent Man,manicmuse,8.0,8.0,10,7.0,7.0
8,Lie to Me,manicmuse,6.0,5.0,8.0,8.0,4.0
9,Queen In Hyun's Man,manicmuse,7.0,8.0,8.0,7.0,7.0
10,Rooftop Prince,manicmuse,9.0,8.0,10,10,10
11,Doctor John,manicmuse,9.0,9.0,9.5,8.0,7.5
12,Witch's Court,manicmuse,7.5,7.0,8.0,7.0,6.0
13,Emergency Couple,manicmuse,8.0,6.0,9.0,7.0,8.0
14,Time,manicmuse,5.5,6.0,6.0,5.0,4.0
0,White: The Melody of the Curse,manicmuse,2.0,2.0,6.0,6.0,1.0
1,Love Rain,manicmuse,7.0,7.0,8.0,7.0,7.0
2,Angel's Last Mission: Love,manicmuse,7.5,7.0,9.0,8.0,6.5
3,I Hear Your Voice,manicmuse,8.5,8.0,9.0,5.0,9.0
4,Cain and Abel,manicmuse,7.0,7.0,8.0,9.0,5.0
5,Personal Taste,manicmuse,9.0,9.0,9.0,10,9.0
6,Secret Love Affair,manicmuse,5.5,5.0,7.0,6.0,4.5
7,Suspicious Partner,manicmuse,9.0,8.0,10,9.0,10
8,Mary Stayed Out All Night,manicmuse,2.5,1.0,6.0,6.0,1.0
9,Signal,manicmuse,9.5,9.5,10,8.0,10
10,Protect the Boss,manicmuse,8.0,7.0,9.0,7.0,8.0
11,"Delightful Girl, Choon Hyang",manicmuse,5.0,5.0,7.0,7.0,4.0
12,My Girlfriend Is a Gumiho,manicmuse,9.0,9.0,9.0,9.0,9.0
13,Hit-and-Run Squad,manicmuse,7.0,6.0,9.0,5.0,5.0
14,Train to Busan,manicmuse,9.0,8.0,9.0,6.0,9.0
0,Mask,manicmuse,8.0,8.5,9.0,7.0,6.0
1,49 Days,manicmuse,6.0,9.0,9.0,7.0,3.0
2,Myung Wol the Spy,manicmuse,8.0,7.0,8.5,7.0,8.5
3,My Strange Hero,manicmuse,7.5,7.0,10,7.0,6.0
4,Grand Prince,manicmuse,7.0,7.0,8.0,7.5,6.0
5,Circle,manicmuse,9.0,9.0,9.0,8.0,9.0
6,The Girl Who Sees Scents,manicmuse,7.5,7.0,9.0,8.0,7.0
7,Arang and the Magistrate,manicmuse,8.5,8.0,10,10,8.0
8,Liar Game,manicmuse,8.0,7.5,9.0,7.0,8.0
9,The Dude In Me,manicmuse,4.0,2.0,6.0,5.0,2.0
10,Hide and Seek,manicmuse,3.0,3.0,4.0,4.0,1.0
11,To The Beautiful You,manicmuse,6.0,4.0,6.0,6.0,5.0
12,Love with Flaws,manicmuse,4.0,3.0,5.0,5.0,2.0
13,Full House ,manicmuse,7.0,6.0,8.0,8.0,8.0
14,City Hunter,manicmuse,9.0,10,9.0,6.0,8.0
0,Moon Lovers: Scarlet Heart Ryeo,manicmuse,7.5,7.0,9.0,8.0,7.0
1,Parasite,manicmuse,10,9.5,10,10,10
2,What's Wrong with Secretary Kim,manicmuse,9.5,9.5,10,9.0,10
3,Falling for Innocence,manicmuse,7.5,7.5,8.0,7.0,6.5
4,Blood,manicmuse,6.0,5.0,7.0,5.0,2.0
5,Weightlifting Fairy Kim Bok Joo,manicmuse,9.0,8.0,9.5,7.0,9.0
6,"Kill Me, Heal Me",manicmuse,9.5,10,10,9.5,9.0
7,Mother,manicmuse,10,10,10,9.0,10
8,The Game: Towards Zero,manicmuse,7.0,8.0,7.5,6.0,7.0
9,Familiar Wife,manicmuse,9.0,8.0,10,7.0,10
10,100 Days My Prince,manicmuse,8.5,8.0,9.5,8.0,7.5
11,Witch's Love,manicmuse,6.0,6.0,8.0,6.0,4.0
12,Let's Eat,manicmuse,7.5,6.0,9.0,7.0,6.0
13,Splash Splash LOVE,manicmuse,8.0,8.0,8.0,8.0,8.0
14,Secret,manicmuse,5.0,5.0,7.0,6.0,3.0
0,Are You Human Too?,manicmuse,9.0,9.0,10,8.0,9.0
1,Playful Kiss,manicmuse,7.0,7.0,8.0,6.0,5.0
2,One Spring Night,manicmuse,8.0,7.5,10,7.5,7.5
3,I Wanna Hear Your Song,manicmuse,7.0,6.5,8.5,6.0,6.0
4,The Heirs,manicmuse,4.0,3.0,6.0,5.0,2.0
5,Her Private Life,manicmuse,7.5,7.0,9.0,6.0,7.5
6,Wednesday 3:30 PM,manicmuse,8.0,7.0,8.0,8.0,9.0
7,Go Ho's Starry Night,manicmuse,7.0,6.0,7.5,7.5,7.0
8,The Happy Loner,manicmuse,7.0,7.0,8.0,7.0,7.0
9,Beyond the Clouds,manicmuse,7.5,7.0,9.0,6.0,7.0
10,The Village: Achiara's Secret,manicmuse,6.0,7.0,7.0,5.0,6.0
11,Witch's Romance,manicmuse,7.0,7.0,8.0,8.0,6.0
12,Prosecutor Princess,manicmuse,4.0,7.0,5.0,3.0,4.0
13,Something in the Rain,manicmuse,7.0,6.0,8.0,7.0,6.0
14,One Million Stars Falling from the Sky,manicmuse,7.5,8.0,7.0,7.0,7.0
0,Ms. Perfect,manicmuse,2.0,3.0,4.0,5.0,2.0
0,Ms. Perfect,manicmuse,2.0,3.0,4.0,5.0,2.0
0,You Who Came from the Stars,Alawai,10,10,10,9.5,10
1,Secret Garden,Alawai,10,10,10,10,10
2,Nine: Nine Times Time Travel,Alawai,10,10,10,7.0,10
3,Padam Padam,Alawai,10,10,10,7.0,10
0,Witch's Romance,Cinnamaroll,9.5,9.0,10,8.5,8.0
1,The Heirs,Cinnamaroll,3.0,2.0,7.0,1.0,1.0
2,Misaeng: Incomplete Life,Cinnamaroll,9.5,10,10,8.5,9.5
3,Nirvana in Fire,Cinnamaroll,10,10,10,9.0,9.5
4,Marry Him If You Dare,Cinnamaroll,5.0,4.0,7.0,7.0,2.0
5,Chihayafuru: Shimo no Ku,Cinnamaroll,10,10,10,10,10
6,"Nezumi, Edo wo Hashiru",Cinnamaroll,6.0,7.0,6.0,6.0,5.0
7,Silver Spoon,Cinnamaroll,2.0,1.5,1.0,3.0,1.0
8,Secret,Cinnamaroll,7.0,6.0,8.0,7.0,6.0
9,Ode to Joy,Cinnamaroll,8.5,10,9.5,6.0,8.0
10,You Who Came from the Stars,Cinnamaroll,7.0,6.0,8.0,9.0,4.0
11,Kinkyu Torishirabeshitsu,Cinnamaroll,5.0,5.0,5.0,5.0,2.0
12,Fugoh Keiji Deluxe,Cinnamaroll,5.0,4.0,6.0,5.5,2.0
0,My Absolute Boyfriend,Richel,6.0,4.5,7.0,5.0,1.0
1,Hotel del Luna,Richel,8.0,6.0,9.0,10,5.0
2,Skate Into Love,Richel,8.0,8.0,9.0,8.0,7.5
3,A Love So Beautiful,Richel,8.5,7.5,10,8.0,7.5
4,Long For You,Richel,4.5,3.0,6.0,7.5,1.0
5,W,Richel,8.0,8.0,9.5,7.0,7.0
6,Master Devil Do Not Kiss Me 2,Richel,4.0,3.0,7.5,5.0,1.5
7,Beautiful Gong Shim,Richel,6.5,6.0,8.0,7.5,6.0
8,Meteor Garden,Richel,4.5,3.5,6.0,4.0,5.0
9,The School Nurse Files,Richel,8.0,8.0,9.5,9.0,7.0
10,Light on Series: The Bad Kids,Richel,9.5,9.5,10,9.5,10
11,Beautiful Secret,Richel,4.0,4.0,7.5,5.0,2.0
12,Doctor John,Richel,8.5,8.5,9.5,9.5,5.0
13,Go Back Couple,Richel,9.0,8.0,10,7.0,10
14,Just Between Lovers,Richel,8.0,7.0,9.0,8.5,7.0
0,Nothing But Thirty,Richel,8.0,8.0,10,7.0,7.5
1,Love in the Moonlight,Richel,8.5,8.0,9.5,9.0,8.0
2,Better Man,Richel,7.0,6.0,7.0,7.5,5.0
3,Ashes of Love,Richel,9.0,8.0,9.5,8.5,9.0
4,Twenty Again,Richel,8.5,9.0,8.5,7.0,8.0
5,Children's Hospital Pediatrician,Richel,4.0,3.5,6.0,4.0,1.0
0,Nothing But Thirty,Richel,8.0,8.0,10,7.0,7.5
1,Love in the Moonlight,Richel,8.5,8.0,9.5,9.0,8.0
2,Better Man,Richel,7.0,6.0,7.0,7.5,5.0
3,Ashes of Love,Richel,9.0,8.0,9.5,8.5,9.0
4,Twenty Again,Richel,8.5,9.0,8.5,7.0,8.0
5,Children's Hospital Pediatrician,Richel,4.0,3.5,6.0,4.0,1.0
0,Weightlifting Fairy Kim Bok Joo,Malu,9.5,9.5,10,10,10
1,Piano,Malu,9.5,9.5,10,8.0,7.0
2,Fight For My Way,Malu,8.5,8.0,9.0,8.5,8.0
3,Seonam Girls High School Investigators,Malu,9.0,9.0,8.5,7.0,9.5
4,Protect the Boss,Malu,8.5,8.5,9.5,8.5,8.0
5,A Muse,Malu,8.5,8.5,8.5,7.0,5.5
6,Choco Bank,Malu,8.0,8.0,7.0,7.0,6.0
7,Hotelier,Malu,9.0,9.0,9.5,9.0,8.5
8,"The Foreign Duck, the Native Duck and God in a Coin Locker",Malu,8.5,8.5,8.5,8.0,8.0
9,Good Girl,Malu,10,10,10,10,10
10,Cinderella and the Four Knights,Malu,7.5,7.5,8.0,8.0,7.0
0,Jealousy Incarnate,palak,10,10,10,10,10
1,Prison Playbook,palak,10,10,10,10,10
2,"Marriage, Not Dating",palak,10,10,10,10,10
3,Pinocchio,palak,10,10,10,8.0,10
4,Five Enough,palak,10,10,10,10,10
5,You're Beautiful,palak,10,10,10,10,10
6,Crash Landing on You,palak,10,10,10,10,10
7,Hospital Playlist,palak,10,10,10,10,10
8,The Good Wife,palak,9.5,9.5,10,8.0,9.0
9,"Loving, Never Forgetting",palak,8.5,8.5,8.0,7.0,6.0
10,The Man from Nowhere,palak,10,10,10,10,8.0
11,"That Winter, The Wind Blows",palak,9.0,8.0,10,10,8.0
12,Cunning Single Lady,palak,8.0,7.5,8.5,8.0,7.0
13,I'm Not a Robot,palak,9.0,8.0,9.5,8.5,8.5
14,Healer,palak,10,10,10,10,10
0,Moon Lovers: Scarlet Heart Ryeo,palak,10,10,10,10,10
1,Empress Ki,palak,10,10,10,10,10
2,Secret,palak,10,10,10,10,10
3,"Seo Yeong, My Daughter",palak,10,10,10,8.0,8.0
4,3-Iron,palak,10,10,10,10,10
5,Twenty Again,palak,9.5,9.5,9.5,8.0,8.5
6,Angry Mom,palak,10,10,10,10,10
7,Orange Days,palak,10,10,10,10,10
8,Full House ,palak,7.0,7.0,8.0,8.0,5.0
9,It Started with a Kiss,palak,10,10,10,10,10
10,You Who Came from the Stars,palak,9.0,9.0,10,8.0,8.0
11,Down With Love,palak,10,10,10,10,10
12,A Moment to Remember,palak,10,10,10,10,10
13,Hanazakari no Kimitachi e,palak,10,10,10,10,10
14,MARS,palak,10,10,10,10,10
0,While You Were Sleeping,palak,8.0,8.5,8.0,8.0,7.0
1,Heartstrings,palak,7.0,4.0,8.0,10,4.0
2,In Time With You,palak,10,10,10,10,10
3,Gu Family Book,palak,9.0,9.0,10,9.0,9.0
4,Perfect Two,palak,8.0,7.0,9.0,9.0,6.0
5,The Heirs,palak,10,10,10,10,10
6,The Master's Sun,palak,9.0,9.0,8.0,10,6.0
7,The Snow Queen,palak,9.0,9.0,10,9.0,8.0
8,Boys Over Flowers,palak,10,10,10,10,10
9,School 2013,palak,10,10,10,10,10
10,Protect the Boss,palak,10,10,10,10,10
11,Meteor Garden II,palak,8.0,7.0,10,8.0,7.0
12,A Millionaire's First Love,palak,10,10,10,10,10
13,A Love To Kill,palak,8.0,8.0,10,9.0,6.0
14,A Chinese Odyssey Part One - Pandora's Box,palak,8.0,8.0,9.0,8.0,5.0
0,Tears of Happiness,palak,10,10,10,10,8.0
1,Oh! My Lady,palak,9.0,8.0,9.0,9.0,8.0
2,9 End 2 Outs,palak,10,10,10,9.0,9.0
3,Sunny,palak,10,10,10,10,10
4,Yamato Nadeshiko Shichi Henge,palak,10,10,10,10,10
5,"Kill Me, Heal Me",palak,10,10,10,10,10
6,Fated to Love You,palak,10,10,10,10,10
7,Mary Stayed Out All Night,palak,10,9.0,10,10,9.0
8,Bel Ami,palak,6.0,5.0,9.0,7.0,3.0
9,City Hall,palak,10,10,10,10,10
10,Coffee Prince,palak,10,10,10,8.0,10
11,Bride of the Century,palak,8.5,9.0,7.5,8.0,6.0
12,Bromance,palak,8.5,8.0,8.5,9.0,7.0
13,Time Slip Dr. Jin,palak,8.0,9.0,9.0,8.0,7.0
14,A Chinese Odyssey Part Two - Cinderella,palak,8.0,8.0,8.0,7.0,5.0
0,Chrysanthemum to the Beast,palak,6.0,5.0,7.0,7.0,3.0
1,49 Days,palak,10,10,10,10,10
2,Doctor Stranger,palak,8.0,7.0,9.0,8.0,6.0
3,I Hear Your Voice,palak,10,10,10,10,10
4,Meteor Garden,palak,9.0,9.0,10,8.0,9.0
5,Reply 1994,palak,10,10,10,10,10
6,Legendary Witch,palak,7.5,6.0,7.5,8.0,4.0
7,To The Beautiful You,palak,9.0,9.0,9.0,10,6.0
8,The Girl Who Sees Scents,palak,8.0,8.0,8.0,8.0,7.0
9,Love Keeps Going,palak,8.0,8.0,9.0,8.0,8.0
10,City Hunter,palak,9.0,9.0,9.0,8.0,9.0
11,Dream High,palak,10,10,10,10,10
12,Why Why Love,palak,8.0,8.0,10,8.0,8.0
13,King2Hearts,palak,9.0,8.0,10,7.0,8.0
14,Looking Forward to Romance,palak,3.0,1.0,9.0,7.0,1.0
0,Scent of a Woman,palak,10,10,10,10,10
1,Love You 10000 Years,palak,3.0,2.0,5.0,8.0,1.0
2,Moon Embracing the Sun,palak,10,10,10,9.0,10
3,Goong,palak,9.0,9.0,10,9.0,9.0
0,Healer,akinahana89,10,10,10,10,10
0,Secret Garden,tantycute,10,10,10,10,10
1,The Greatest Love,tantycute,10,10,10,9.0,10
2,Lie to Me,tantycute,6.0,5.0,8.0,7.0,5.0
0,While You Were Sleeping,Michael Tang,9.0,9.0,9.5,8.0,7.5
1,Tribes and Empires: Storm of Prophecy,Michael Tang,4.5,3.0,8.0,6.0,1.0
2,Strong Woman Do Bong Soon,Michael Tang,3.5,1.0,7.0,4.0,1.0
3,Doctors,Michael Tang,4.0,3.0,5.0,6.0,1.0
4,Eternal Love,Michael Tang,8.5,8.0,9.0,9.0,8.0
5,Knowing Bros,Michael Tang,3.5,3.0,7.0,3.5,3.0
0,Life,Some Korean Kid,10,10,10,8.0,10
1,What's Wrong with Secretary Kim,Some Korean Kid,8.0,7.0,9.0,7.0,5.0
0,Jealousy Incarnate,palak,10,10,10,10,10
1,Prison Playbook,palak,10,10,10,10,10
2,"Marriage, Not Dating",palak,10,10,10,10,10
3,Pinocchio,palak,10,10,10,8.0,10
4,Five Enough,palak,10,10,10,10,10
5,You're Beautiful,palak,10,10,10,10,10
6,Crash Landing on You,palak,10,10,10,10,10
7,Hospital Playlist,palak,10,10,10,10,10
8,The Good Wife,palak,9.5,9.5,10,8.0,9.0
9,"Loving, Never Forgetting",palak,8.5,8.5,8.0,7.0,6.0
10,The Man from Nowhere,palak,10,10,10,10,8.0
11,"That Winter, The Wind Blows",palak,9.0,8.0,10,10,8.0
12,Cunning Single Lady,palak,8.0,7.5,8.5,8.0,7.0
13,I'm Not a Robot,palak,9.0,8.0,9.5,8.5,8.5
14,Healer,palak,10,10,10,10,10
0,Moon Lovers: Scarlet Heart Ryeo,palak,10,10,10,10,10
1,Empress Ki,palak,10,10,10,10,10
2,Secret,palak,10,10,10,10,10
3,"Seo Yeong, My Daughter",palak,10,10,10,8.0,8.0
4,3-Iron,palak,10,10,10,10,10
5,Twenty Again,palak,9.5,9.5,9.5,8.0,8.5
6,Angry Mom,palak,10,10,10,10,10
7,Orange Days,palak,10,10,10,10,10
8,Full House ,palak,7.0,7.0,8.0,8.0,5.0
9,It Started with a Kiss,palak,10,10,10,10,10
10,You Who Came from the Stars,palak,9.0,9.0,10,8.0,8.0
11,Down With Love,palak,10,10,10,10,10
12,A Moment to Remember,palak,10,10,10,10,10
13,Hanazakari no Kimitachi e,palak,10,10,10,10,10
14,MARS,palak,10,10,10,10,10
0,While You Were Sleeping,palak,8.0,8.5,8.0,8.0,7.0
1,Heartstrings,palak,7.0,4.0,8.0,10,4.0
2,In Time With You,palak,10,10,10,10,10
3,Gu Family Book,palak,9.0,9.0,10,9.0,9.0
4,Perfect Two,palak,8.0,7.0,9.0,9.0,6.0
5,The Heirs,palak,10,10,10,10,10
6,The Master's Sun,palak,9.0,9.0,8.0,10,6.0
7,The Snow Queen,palak,9.0,9.0,10,9.0,8.0
8,Boys Over Flowers,palak,10,10,10,10,10
9,School 2013,palak,10,10,10,10,10
10,Protect the Boss,palak,10,10,10,10,10
11,Meteor Garden II,palak,8.0,7.0,10,8.0,7.0
12,A Millionaire's First Love,palak,10,10,10,10,10
13,A Love To Kill,palak,8.0,8.0,10,9.0,6.0
14,A Chinese Odyssey Part One - Pandora's Box,palak,8.0,8.0,9.0,8.0,5.0
0,Tears of Happiness,palak,10,10,10,10,8.0
1,Oh! My Lady,palak,9.0,8.0,9.0,9.0,8.0
2,9 End 2 Outs,palak,10,10,10,9.0,9.0
3,Sunny,palak,10,10,10,10,10
4,Yamato Nadeshiko Shichi Henge,palak,10,10,10,10,10
5,"Kill Me, Heal Me",palak,10,10,10,10,10
6,Fated to Love You,palak,10,10,10,10,10
7,Mary Stayed Out All Night,palak,10,9.0,10,10,9.0
8,Bel Ami,palak,6.0,5.0,9.0,7.0,3.0
9,City Hall,palak,10,10,10,10,10
10,Coffee Prince,palak,10,10,10,8.0,10
11,Bride of the Century,palak,8.5,9.0,7.5,8.0,6.0
12,Bromance,palak,8.5,8.0,8.5,9.0,7.0
13,Time Slip Dr. Jin,palak,8.0,9.0,9.0,8.0,7.0
14,A Chinese Odyssey Part Two - Cinderella,palak,8.0,8.0,8.0,7.0,5.0
0,Chrysanthemum to the Beast,palak,6.0,5.0,7.0,7.0,3.0
1,49 Days,palak,10,10,10,10,10
2,Doctor Stranger,palak,8.0,7.0,9.0,8.0,6.0
3,I Hear Your Voice,palak,10,10,10,10,10
4,Meteor Garden,palak,9.0,9.0,10,8.0,9.0
5,Reply 1994,palak,10,10,10,10,10
6,Legendary Witch,palak,7.5,6.0,7.5,8.0,4.0
7,To The Beautiful You,palak,9.0,9.0,9.0,10,6.0
8,The Girl Who Sees Scents,palak,8.0,8.0,8.0,8.0,7.0
9,Love Keeps Going,palak,8.0,8.0,9.0,8.0,8.0
10,City Hunter,palak,9.0,9.0,9.0,8.0,9.0
11,Dream High,palak,10,10,10,10,10
12,Why Why Love,palak,8.0,8.0,10,8.0,8.0
13,King2Hearts,palak,9.0,8.0,10,7.0,8.0
14,Looking Forward to Romance,palak,3.0,1.0,9.0,7.0,1.0
0,Scent of a Woman,palak,10,10,10,10,10
1,Love You 10000 Years,palak,3.0,2.0,5.0,8.0,1.0
2,Moon Embracing the Sun,palak,10,10,10,9.0,10
3,Goong,palak,9.0,9.0,10,9.0,9.0
0,Moon Lovers: Scarlet Heart Ryeo,Alex,8.5,9.0,9.0,6.0,9.0
1,Cheese in the Trap,Alex,8.0,8.0,9.0,9.0,8.0
2,Age of Youth,Alex,9.0,8.0,9.0,9.0,9.0
3,The Good Wife,Alex,8.5,9.0,9.0,7.0,9.0
0,"Kill Me, Heal Me",moonmystery,10,9.0,10,10,10
1,Dramaworld,moonmystery,7.5,7.0,6.5,7.0,10
2,Spellbound,moonmystery,10,10,10,9.0,8.0
3,Attack on Titan,moonmystery,7.0,6.5,7.0,8.5,8.5
4,My P.S. Partner,moonmystery,8.0,5.5,9.0,10,8.0
5,Full House ,moonmystery,6.0,5.0,8.0,7.0,3.0
6,Orange Marmalade,moonmystery,6.0,5.0,7.5,7.0,2.5
7,Smiling Pasta,moonmystery,6.5,6.5,7.5,7.0,5.0
8,Boys Over Flowers,moonmystery,5.5,4.0,7.0,8.0,10
0,Autumn's Concerto,amrita828,9.0,10,10,6.0,8.0
1,Warrior Baek Dong Soo,amrita828,8.5,7.0,10,10,6.0
2,5-ji Kara 9-ji Made,amrita828,8.0,7.5,8.5,6.0,7.0
3,Soratobu Kouhoushitsu,amrita828,10,9.0,10,9.0,9.0
4,Love Shuffle,amrita828,10,9.0,10,8.0,9.0
5,King2Hearts,amrita828,10,10,10,10,10
6,Coffee Prince,amrita828,10,10,10,10,10
7,Scent of a Woman,amrita828,10,10,10,9.0,10
8,Boku wa Imouto ni Koi wo Suru,amrita828,8.0,8.0,9.0,6.0,6.0
9,Gu Family Book,amrita828,8.5,9.0,8.0,7.0,8.0
10,Ikemen Desu Ne,amrita828,8.0,8.0,9.0,8.0,8.0
11,Go,amrita828,10,10,10,8.0,9.0
12,One Million Stars Falling from the Sky,amrita828,8.0,9.0,10,8.0,2.0
13,Proposal Daisakusen,amrita828,9.0,9.0,8.5,7.0,9.0
14,Nagareboshi,amrita828,9.0,9.0,10,7.0,8.0
0,Pride,amrita828,9.0,8.0,10,10,8.0
1,Tatta Hitotsu no Koi,amrita828,9.0,8.0,9.0,10,9.0
2,Fated to Love You,amrita828,9.0,6.0,10,10,8.0
3,"I  Do, I Do",amrita828,9.0,9.0,10,8.0,8.0
4,Shining Inheritance,amrita828,7.0,8.0,8.0,7.0,5.0
5,Liar Game,amrita828,10,10,9.0,9.0,10
6,Something in the Rain,amrita828,6.0,4.0,9.0,6.0,1.0
7,Long Love Letter,amrita828,9.0,10,10,6.0,8.0
8,Q10,amrita828,9.0,10,10,8.0,8.0
9,Empress Ki,amrita828,9.0,8.0,10,8.5,10
10,Late Autumn,amrita828,9.0,8.0,10,9.0,7.0
11,Orange Days,amrita828,9.0,9.0,10,10,8.0
12,"Friend, Our Legend ",amrita828,9.0,8.0,10,10,9.0
13,"Sore wa, Totsuzen, Arashi no you ni..",amrita828,8.0,8.0,8.0,9.0,8.0
14,Postman To Heaven,amrita828,9.0,10,9.0,8.0,9.0
0,Osozaki no Himawari,amrita828,9.0,9.0,10,9.0,9.0
1,Duelist,amrita828,9.0,7.0,10,10,9.0
2,Secret Garden,amrita828,10,10,10,10,10
3,Meteor Garden,amrita828,7.0,6.0,6.0,5.0,6.0
4,Switch Girl!! 2,amrita828,8.0,6.0,9.0,7.0,8.0
5,Kagi no Kakatta Heya,amrita828,8.0,8.0,9.0,9.0,7.0
6,Boku to Star no 99 Nichi,amrita828,8.0,7.0,8.0,8.0,7.0
7,Koishite Akuma,amrita828,7.0,8.0,6.0,7.0,7.0
8,Sapuri,amrita828,8.0,9.0,8.0,8.0,8.0
9,Strawberry Night,amrita828,9.0,10,10,9.0,9.0
10,Tsuki no Koibito,amrita828,5.0,5.0,9.0,7.0,5.0
11,Saikou no Jinsei no Owarikata - Ending Planner,amrita828,8.0,9.0,9.0,5.0,7.0
12,BOSS,amrita828,9.0,9.0,10,8.0,7.0
13,Cruel City,amrita828,9.0,7.5,10,10,7.0
14,Tree With Deep Roots,amrita828,10,10,10,7.0,7.0
0,Meteor Garden II,amrita828,7.0,7.0,7.0,6.0,6.0
1,Pinocchio,amrita828,8.5,9.5,9.0,7.5,7.0
2,Piece,amrita828,8.0,9.0,8.0,10,7.0
3,Hungry!,amrita828,9.0,9.0,9.0,10,8.0
4,Moon Embracing the Sun,amrita828,10,9.5,10,10,10
5,Strawberry on the Shortcake,amrita828,9.0,8.0,10,9.0,9.0
6,Algernon Ni Hanataba O,amrita828,10,9.0,10,6.0,9.0
7,Sungkyunkwan Scandal,amrita828,8.5,7.5,8.5,6.0,8.0
8,I Need Romance,amrita828,8.0,9.0,10,8.0,9.0
9,Stand Up!!,amrita828,8.0,8.0,9.0,7.0,9.0
10,Healer,amrita828,10,10,10,9.5,10
11,Shut Up: Flower Boy Band,amrita828,9.0,9.0,10,10,9.0
12,Don Quixote,amrita828,9.0,9.0,10,9.0,9.0
13,Chungking Express,amrita828,8.0,7.0,9.0,8.0,8.0
14,Perhaps Love,amrita828,9.0,8.0,9.0,9.0,8.0
0,Personal Taste,amrita828,6.0,5.0,6.0,7.0,4.0
1,Love in the Moonlight,amrita828,7.0,6.5,8.5,5.0,6.0
2,The Art of Seduction,amrita828,5.0,5.0,7.0,5.0,1.0
3,My Lovely Sam Soon,amrita828,8.0,9.0,10,8.0,4.0
4,Letters from Iwo Jima,amrita828,10,8.0,10,10,8.0
5,You're Beautiful,amrita828,6.0,8.0,6.0,8.0,6.0
6,Meitantei no Okite,amrita828,8.0,9.0,9.0,9.0,8.0
7,Laundry,amrita828,9.0,9.0,10,8.0,9.0
8,You're My Pet,amrita828,3.0,2.0,5.0,5.0,1.0
9,Rondo,amrita828,10,10,10,10,7.0
10,Lie to Me,amrita828,6.0,7.0,9.0,7.0,4.0
11,Falling for Innocence,amrita828,8.5,8.0,9.5,8.0,9.0
12,Hot Shot,amrita828,9.0,9.0,8.0,9.0,8.0
13,Weightlifting Fairy Kim Bok Joo,amrita828,6.0,5.5,6.0,6.0,2.0
14,Pasta,amrita828,7.0,9.0,8.0,7.0,5.0
0,Last Cinderella,amrita828,8.0,8.0,10,8.0,8.0
1,Reply 1997,amrita828,9.0,10,10,8.0,9.0
2,Prison Playbook,amrita828,10,10,10,10,10
3,Come Rain Come Shine,amrita828,7.0,7.0,9.0,1.0,6.0
4,"Rich Man, Poor Woman",amrita828,6.0,6.0,9.0,8.0,4.0
5,"That Winter, The Wind Blows",amrita828,7.0,6.0,8.0,7.0,3.0
6,Ashita No Joe,amrita828,8.0,4.0,9.0,9.0,7.0
7,Full House ,amrita828,4.0,5.0,5.0,6.0,3.0
8,The Man from Nowhere,amrita828,9.0,9.0,10,9.0,8.0
9,My Princess,amrita828,4.0,5.0,5.0,2.0,4.0
10,My Girlfriend Is a Gumiho,amrita828,4.0,4.0,7.0,5.0,1.0
11,Itazura na Kiss: Love in Tokyo,amrita828,4.0,1.0,7.0,8.0,1.0
12,Lavender,amrita828,5.0,7.0,6.0,6.0,3.0
13,Secretly Greatly,amrita828,8.5,7.0,10,8.0,6.0
14,Run 60,amrita828,8.0,8.0,9.0,10,9.0
0,While You Were Sleeping,amrita828,9.0,9.0,9.5,8.0,9.0
1,Akai Ito,amrita828,8.0,7.0,9.0,8.0,5.0
2,Say Yes Enterprise,amrita828,7.0,7.0,8.0,7.0,6.0
3,49 Days,amrita828,6.0,6.0,7.0,7.0,1.0
4,The Innocent Man,amrita828,5.0,4.0,8.0,6.0,1.0
5,Ohitorisama,amrita828,4.0,4.0,4.0,5.0,2.0
6,Man to Man,amrita828,8.0,8.0,9.0,4.0,8.0
7,JIN,amrita828,9.0,9.5,9.0,5.0,8.5
8,Code Blue 3,amrita828,7.0,6.0,8.0,7.0,4.0
9,Kindaichi Kosuke vs. Akechi Kogoro,amrita828,8.0,8.5,8.0,5.0,6.0
0,While You Were Sleeping,amrita828,9.0,9.0,9.5,8.0,9.0
1,Akai Ito,amrita828,8.0,7.0,9.0,8.0,5.0
2,Say Yes Enterprise,amrita828,7.0,7.0,8.0,7.0,6.0
3,49 Days,amrita828,6.0,6.0,7.0,7.0,1.0
4,The Innocent Man,amrita828,5.0,4.0,8.0,6.0,1.0
5,Ohitorisama,amrita828,4.0,4.0,4.0,5.0,2.0
6,Man to Man,amrita828,8.0,8.0,9.0,4.0,8.0
7,JIN,amrita828,9.0,9.5,9.0,5.0,8.5
8,Code Blue 3,amrita828,7.0,6.0,8.0,7.0,4.0
9,Kindaichi Kosuke vs. Akechi Kogoro,amrita828,8.0,8.5,8.0,5.0,6.0
0,The Attorney,Cheer,8.0,7.5,9.0,8.0,6.0
1,Mahoro Ekimae Bangaichi,Cheer,8.0,8.0,10,9.0,8.0
2,The Terror Live,Cheer,8.0,8.0,9.0,8.0,5.0
3,The Great Passage,Cheer,8.0,8.0,9.0,8.5,6.0
4,Tenchijin,Cheer,9.0,9.0,10,8.0,8.0
5,Golden Empire,Cheer,9.0,10,10,9.0,5.0
6,Chungking Express,Cheer,8.0,8.0,9.0,8.0,9.0
7,Infernal Affairs,Cheer,9.0,9.0,9.0,8.0,7.0
8,Harakiri,Cheer,10,10,10,9.0,8.0
9,Ryoma Den,Cheer,9.0,8.5,8.5,8.0,7.0
10,Crows Explode,Cheer,6.0,6.0,7.0,7.0,3.0
11,Ichi the Killer,Cheer,8.5,8.5,9.0,8.0,8.0
12,S: Saigo no Keikan,Cheer,7.5,7.0,8.5,7.0,5.0
13,Parallel Life,Cheer,8.0,8.0,8.0,7.0,7.0
14,Golden Cross,Cheer,6.0,6.0,8.5,7.0,5.0
0,Khun Chai Pawornruj,Cheer,5.5,5.5,6.0,6.5,5.0
1,Khun Chai Taratorn,Cheer,5.0,5.0,6.5,6.5,5.0
2,Red Cliff 2,Cheer,9.0,9.0,10,9.0,10
3,Riverâ€™s Edge Okawabata Tanteisha,Cheer,7.0,6.5,8.0,7.0,6.0
4,A Better Tomorrow,Cheer,8.0,7.0,9.0,7.0,9.0
5,Fumo Chitai,Cheer,8.0,8.0,9.0,7.0,7.0
6,The Chaser,Cheer,8.0,9.0,10,8.0,4.0
7,Hard Boiled,Cheer,9.0,6.0,9.0,7.0,9.0
8,City Hunter,Cheer,8.0,9.0,8.0,10,8.0
9,MOZU Season 1 - Mozu no Sakebu Yoru,Cheer,7.0,6.0,7.0,7.0,4.0
10,Red Cliff,Cheer,9.0,8.0,10,9.0,10
11,Kurokouchi,Cheer,7.5,8.0,8.0,8.0,5.0
12,Cold War,Cheer,7.0,6.0,8.5,7.5,6.5
13,Platonic,Cheer,6.5,6.5,7.5,7.0,4.0
14,Roosevelt Game,Cheer,9.0,9.0,9.0,9.0,6.0
0,The World of Kanako,Cheer,8.0,7.5,9.0,8.0,7.0
1,"Ai Nante Irane Yo, Natsu",Cheer,7.5,7.5,8.0,6.0,7.0
2,KUNDO : Age of the Rampant,Cheer,7.0,7.0,8.5,6.0,6.0
3,KILLERS,Cheer,7.0,6.5,7.5,6.0,5.0
4,Samurai Rebellion,Cheer,9.0,9.0,10,8.0,8.0
5,Nisennen no Koi,Cheer,6.0,5.0,8.0,8.0,3.0
6,Nameless Gangster: Rules of Time,Cheer,8.0,8.0,10,7.0,6.0
7,Gunshi Kanbei,Cheer,9.0,9.0,9.0,8.0,8.0
8,2046,Cheer,8.0,8.0,9.0,8.0,7.0
9,Shiri,Cheer,7.0,6.5,8.0,7.0,6.0
10,The Kiyosu Conference,Cheer,7.5,7.0,10,7.0,6.0
11,Khun Chai Rachanon,Cheer,6.0,6.5,6.5,5.5,4.0
12,Khun Chai Ronapee,Cheer,6.0,6.0,6.0,5.0,4.0
13,Long Goodbye,Cheer,8.0,8.5,9.0,8.5,5.0
14,Special Affairs Team TEN Season 2,Cheer,8.0,9.0,10,9.0,7.0
0,Snowy Love Fall in Spring,Cheer,7.0,7.0,9.0,7.0,5.0
1,Wonderful Mama,Cheer,7.0,5.0,8.0,7.0,3.0
2,An Assassin,Cheer,6.5,6.5,6.0,7.0,5.0
3,The Bullet Vanishes,Cheer,8.0,8.0,9.0,8.0,5.0
4,One Third,Cheer,7.0,6.0,6.5,7.0,7.0
5,The Killer,Cheer,9.0,7.0,9.0,8.0,9.0
6,Genome Hazard,Cheer,7.0,6.5,7.5,7.0,6.0
7,The Monkey King,Cheer,6.0,6.0,8.0,3.0,4.0
8,The Secret Female Ninja,Cheer,2.0,1.5,1.0,1.0,1.0
9,Hanzawa Naoki,Cheer,9.0,9.0,9.0,8.0,7.0
10,The Yellow Sea,Cheer,8.0,8.0,10,8.0,7.0
11,Hara-Kiri: Death of a Samurai,Cheer,8.0,8.0,9.0,8.0,7.0
12,Tetsuo: The Iron Man,Cheer,8.0,8.5,8.0,8.0,7.0
13,MOZU Season 2 - Maboroshi no Tsubasa,Cheer,6.0,5.5,6.5,7.0,3.0
14,Infernal Affairs III,Cheer,7.0,8.0,9.0,8.0,5.0
0,God's Quiz Season 4,Cheer,6.5,6.5,7.0,5.0,3.0
1,Guinea Pig 2: Flower of Flesh & Blood,Cheer,6.0,1.5,5.0,3.0,6.0
2,Milocrorze: A Love Story,Cheer,8.0,7.5,9.0,8.0,7.0
3,Khun Chai Puttipat,Cheer,5.5,6.0,6.0,6.0,5.0
4,Infernal Affairs II,Cheer,8.0,8.0,8.0,8.0,6.0
5,Guinea Pig: Devil's Experiment,Cheer,5.0,1.0,3.0,4.0,4.0
6,Tokyo Tribe,Cheer,8.5,8.0,8.5,8.5,8.0
7,Love at Seventh Sight,Cheer,3.0,3.0,2.0,5.0,1.0
8,Namonaki Doku,Cheer,7.0,6.0,7.0,10,3.0
9,Big Match,Cheer,6.0,6.0,7.0,7.0,5.0
10,Autumn's Concerto,Cheer,10,10,9.0,9.0,9.0
11,Goemon,Cheer,7.0,7.0,9.0,7.0,7.0
12,The Suspect,Cheer,7.0,6.0,7.5,6.0,4.0
13,Kiki's Delivery Service,Cheer,6.5,6.0,6.0,6.5,5.0
14,Guinea Pig 3: Shudder! The Man Who Doesn't Die,Cheer,5.5,4.0,5.5,3.0,5.0
0,Shark,Cheer,6.0,5.5,8.0,9.0,5.0
1,For Love's Sake,Cheer,3.5,3.0,9.0,1.0,1.0
2,The Chef of South Polar,Cheer,7.5,7.0,8.0,6.0,5.0
0,Shark,Cheer,6.0,5.5,8.0,9.0,5.0
1,For Love's Sake,Cheer,3.5,3.0,9.0,1.0,1.0
2,The Chef of South Polar,Cheer,7.5,7.0,8.0,6.0,5.0
0,I Hear Your Voice,HeidiLyon,10,10,10,10,10
1,"Spring, Summer, Autumn, Winter... and Spring",HeidiLyon,10,10,9.0,9.0,10
2,Monstar,HeidiLyon,8.0,7.0,9.0,10,8.0
3,Can't Live Without Robbery,HeidiLyon,8.0,7.0,8.0,6.0,9.0
4,The Righteous Thief,HeidiLyon,9.0,10,10,8.0,9.0
5,To The Beautiful You,HeidiLyon,8.0,7.0,9.0,8.0,7.0
6,My Sassy Girl,HeidiLyon,9.0,9.0,10,8.0,9.0
7,Hong Gil Dong,HeidiLyon,9.0,9.0,10,8.0,8.0
8,The Heirs,HeidiLyon,8.0,7.0,9.0,9.0,6.0
9,"That Winter, The Wind Blows",HeidiLyon,9.0,9.0,10,9.0,8.0
0,The King in Love,manicmuse,8.0,8.0,7.0,8.0,7.0
1,My Lovely Sam Soon,manicmuse,10,10,9.0,7.0,10
2,Queen for Seven Days,manicmuse,10,9.5,10,9.5,10
3,Padam Padam,manicmuse,9.0,9.0,10,8.0,8.0
4,The Master's Sun,manicmuse,9.0,8.0,10,7.0,9.0
5,Introverted Boss,manicmuse,8.0,7.0,9.0,8.0,7.0
6,Where Stars Land,manicmuse,8.0,8.0,8.5,7.0,7.5
7,Another Miss Oh,manicmuse,10,10,10,10,10
8,Hotel King,manicmuse,9.5,9.0,9.5,8.0,9.0
9,Flower Boy Ramen Shop,manicmuse,8.0,5.0,9.0,7.0,9.0
10,Lucky Romance,manicmuse,10,8.0,10,8.5,10
11,Lovely Horribly,manicmuse,4.0,3.0,5.0,5.0,2.0
12,"I'm Sorry, I Love You",manicmuse,8.0,8.0,10,8.0,7.0
13,The Legend of the Blue Sea,manicmuse,7.5,7.0,9.0,5.0,6.0
14,Itaewon Class,manicmuse,6.5,6.0,8.0,7.5,5.0
0,Last Scandal,manicmuse,8.5,8.0,9.0,7.0,8.0
1,The Smile Has Left Your Eyes,manicmuse,10,10,10,10,10
2,Terius Behind Me,manicmuse,9.5,9.0,10,8.0,9.0
3,Fated to Love You,manicmuse,9.5,9.0,9.5,8.0,9.0
4,My Secret Romance,manicmuse,7.0,5.0,8.0,4.0,5.0
5,When the Weather Is Fine,manicmuse,9.0,8.5,10,9.0,8.0
6,The Secret Life of My Secretary,manicmuse,8.0,7.5,9.0,7.0,8.0
7,"King of Baking, Kim Tak Goo",manicmuse,9.0,9.0,10,8.0,7.0
8,The Color of a Woman,manicmuse,5.0,6.0,5.0,8.0,4.0
9,Jugglers,manicmuse,6.5,5.0,8.0,8.0,5.0
10,I'm Not a Robot,manicmuse,10,9.0,10,9.0,10
11,Come and Hug Me,manicmuse,6.5,5.0,9.0,7.0,5.0
12,About Time,manicmuse,6.5,6.0,8.5,7.0,4.5
13,Il Mare,manicmuse,8.0,10,7.0,7.0,9.0
14,Chocolate,manicmuse,7.5,7.0,9.0,8.0,5.0
0,The Undateables,manicmuse,5.0,4.0,6.0,8.0,2.0
1,The Greatest Love,manicmuse,8.5,8.0,10,8.0,8.0
2,King2Hearts,manicmuse,10,10,10,9.0,10
3,The Nokdu Flower,manicmuse,10,10,10,9.0,9.5
4,Scent of a Woman,manicmuse,9.5,8.0,10,5.0,8.0
5,I Have a Lover,manicmuse,7.5,7.0,9.0,9.5,6.0
6,"That Winter, The Wind Blows",manicmuse,9.5,9.5,9.5,8.5,10
7,Moon Embracing the Sun,manicmuse,7.0,8.0,8.0,7.0,5.0
8,A Tale of Two Sisters,manicmuse,10,10,10,10,10
9,Biscuit Teacher and Star Candy,manicmuse,7.0,7.0,7.0,6.0,6.0
10,Strong Woman Do Bong Soon,manicmuse,9.0,7.0,9.0,8.0,9.5
11,9 End 2 Outs,manicmuse,9.0,9.0,9.0,5.0,9.0
12,Cinderella and the Four Knights,manicmuse,4.0,2.0,6.0,7.0,1.0
13,Descendants of the Sun,manicmuse,6.5,4.0,8.0,6.5,5.0
14,Jealousy Incarnate,manicmuse,10,9.5,10,10,10
0,Jang Ok Jung,manicmuse,9.0,10,9.0,8.0,8.0
1,Hello Monster,manicmuse,8.5,9.0,10,6.0,9.0
2,Suicide Circle,manicmuse,8.0,8.0,8.0,10,9.0
3,My Sassy Girl,manicmuse,9.0,9.0,9.0,7.0,10
4,A Piece of Your Mind,manicmuse,5.5,4.0,9.0,7.0,3.5
5,Dal Ja's Spring,manicmuse,9.0,7.5,10,8.0,8.0
6,Let Me Introduce Her,manicmuse,6.0,6.0,7.5,6.0,5.0
7,Oh My Venus,manicmuse,7.5,4.0,9.0,7.5,7.0
8,The King of Dramas,manicmuse,8.0,9.0,9.0,7.5,7.0
9,Gu Family Book,manicmuse,9.0,8.0,9.0,7.0,8.0
10,Secret Boutique,manicmuse,8.0,8.0,8.0,7.0,6.0
11,Encounter,manicmuse,8.0,7.0,9.0,9.0,7.0
12,Wok of Love,manicmuse,9.0,7.0,10,8.0,10
13,Money Flower,manicmuse,10,10,10,10,9.0
14,The Package,manicmuse,8.5,8.0,9.0,9.0,10
0,Just Between Lovers,manicmuse,9.5,9.5,10,9.0,9.0
1,"Marriage, Not Dating",manicmuse,9.5,9.0,9.5,9.5,9.0
2,Coffee Prince,manicmuse,10,10,10,8.0,10
3,What Happened in Bali,manicmuse,6.5,5.0,8.0,7.0,5.0
4,"Me too, Flower!",manicmuse,8.0,8.0,8.0,7.5,7.0
5,The Beauty Inside,manicmuse,5.5,4.5,8.0,8.0,2.0
6,Woman with a Suitcase,manicmuse,7.0,5.0,8.0,7.5,6.0
7,Pasta,manicmuse,8.0,7.0,10,7.0,8.0
8,Cheese in the Trap,manicmuse,5.0,5.0,8.0,7.0,5.0
9,Thirty But Seventeen,manicmuse,9.5,9.5,10,9.0,10
10,My Mister,manicmuse,9.5,10,10,9.0,9.0
11,Fight For My Way,manicmuse,8.0,7.0,9.0,8.0,7.0
12,Empress Ki,manicmuse,10,9.5,10,9.0,10
13,Pinocchio,manicmuse,10,10,10,8.0,9.5
14,No Mercy,manicmuse,9.0,10,9.0,8.0,8.0
0,Shining Inheritance,manicmuse,7.0,9.0,10,6.0,7.0
1,Healer,manicmuse,10,9.0,10,8.5,10
2,Sungkyunkwan Scandal,manicmuse,9.0,9.0,10,8.0,10
3,Marriage Contract,manicmuse,7.0,6.0,9.5,5.0,6.0
4,Nine: Nine Times Time Travel,manicmuse,8.0,10,7.0,7.0,9.0
5,Big,manicmuse,2.0,1.0,4.0,6.0,1.0
6,Bride of the Century,manicmuse,6.0,6.0,9.0,7.0,5.0
7,Memories of the Alhambra,manicmuse,8.5,9.0,8.0,8.0,8.0
8,The Crowned Clown,manicmuse,8.5,9.0,10,8.0,7.5
9,Black,manicmuse,8.0,9.0,8.0,7.0,10
10,Shopping King Louie,manicmuse,8.0,6.0,9.5,8.0,7.0
11,Uncontrollably Fond,manicmuse,7.0,6.0,9.0,7.0,6.0
12,Doctors,manicmuse,6.5,5.0,8.0,7.0,5.0
13,A Beautiful Mind,manicmuse,7.5,7.0,9.0,7.0,6.0
14,Heart to Heart,manicmuse,9.5,9.0,9.5,8.0,10
0,Missing You,manicmuse,6.0,6.0,9.0,6.0,3.0
1,Beautiful Gong Shim,manicmuse,5.0,4.0,7.0,8.0,3.0
2,Crash Landing on You,manicmuse,8.0,8.0,9.5,7.0,7.5
3,While You Were Sleeping,manicmuse,7.5,9.0,7.5,7.5,7.0
4,Something About 1 Percent,manicmuse,7.5,7.0,8.0,7.5,7.5
5,"Please Come Back, Mister",manicmuse,6.5,8.0,6.0,9.0,7.0
6,Flower Boy Next Door,manicmuse,5.0,3.0,7.0,6.0,4.0
7,Extracurricular,manicmuse,9.5,9.5,10,8.0,9.0
8,The Tale of Nokdu,manicmuse,10,10,10,9.0,9.5
9,Love in the Moonlight,manicmuse,8.5,9.0,10,8.0,8.0
10,It's Okay to Not Be Okay,manicmuse,10,10,10,9.5,10
11,Go Back Couple,manicmuse,8.5,8.0,9.0,8.0,8.0
12,Ho Goo's Love,manicmuse,8.5,8.5,9.0,7.0,8.0
13,My Princess,manicmuse,7.0,6.0,8.0,6.0,7.0
14,Old Boy,manicmuse,7.0,8.0,9.0,8.0,8.0
0,"It's Okay, That's Love",manicmuse,9.5,9.0,10,9.0,10
1,Madame Antoine,manicmuse,7.0,6.0,9.0,7.5,7.0
2,Silenced,manicmuse,9.0,9.0,10,9.0,8.0
3,She Was Pretty,manicmuse,7.5,6.0,9.0,8.0,5.0
4,You Who Came from the Stars,manicmuse,8.5,8.5,9.0,7.0,7.0
5,The Princess's Man,manicmuse,10,10,10,9.0,9.0
6,Chicago Typewriter,manicmuse,10,10,9.5,10,10
7,My Holo Love,manicmuse,9.0,9.5,10,7.5,9.0
8,Hotel del Luna,manicmuse,9.0,9.0,10,8.0,8.0
9,Devilish Joy,manicmuse,7.0,5.0,9.0,7.5,6.0
10,My ID Is Gangnam Beauty,manicmuse,7.0,7.5,7.5,7.0,6.0
11,Birth of a Beauty,manicmuse,6.5,5.0,9.0,7.0,4.0
12,Defendant,manicmuse,8.5,8.0,10,8.0,8.0
13,Let's Eat 2,manicmuse,7.5,7.0,9.0,7.0,5.0
14,Queen of Ambition,manicmuse,9.5,10,9.5,8.0,9.0
0,Can You Hear My Heart,manicmuse,9.0,9.0,9.0,10,10
1,Goong,manicmuse,7.0,7.0,8.0,5.0,5.0
2,Reply 1997,manicmuse,9.0,9.0,10,7.0,7.0
3,Oh My Ghostess,manicmuse,9.5,9.0,10,8.0,9.5
4,My Girl,manicmuse,5.0,7.0,7.0,4.0,4.0
5,W,manicmuse,8.0,9.5,8.0,7.0,8.0
6,Melting Me Softly,manicmuse,4.0,2.0,6.0,5.0,1.5
7,The Innocent Man,manicmuse,8.0,8.0,10,7.0,7.0
8,Lie to Me,manicmuse,6.0,5.0,8.0,8.0,4.0
9,Queen In Hyun's Man,manicmuse,7.0,8.0,8.0,7.0,7.0
10,Rooftop Prince,manicmuse,9.0,8.0,10,10,10
11,Doctor John,manicmuse,9.0,9.0,9.5,8.0,7.5
12,Witch's Court,manicmuse,7.5,7.0,8.0,7.0,6.0
13,Emergency Couple,manicmuse,8.0,6.0,9.0,7.0,8.0
14,Time,manicmuse,5.5,6.0,6.0,5.0,4.0
0,White: The Melody of the Curse,manicmuse,2.0,2.0,6.0,6.0,1.0
1,Love Rain,manicmuse,7.0,7.0,8.0,7.0,7.0
2,Angel's Last Mission: Love,manicmuse,7.5,7.0,9.0,8.0,6.5
3,I Hear Your Voice,manicmuse,8.5,8.0,9.0,5.0,9.0
4,Cain and Abel,manicmuse,7.0,7.0,8.0,9.0,5.0
5,Personal Taste,manicmuse,9.0,9.0,9.0,10,9.0
6,Secret Love Affair,manicmuse,5.5,5.0,7.0,6.0,4.5
7,Suspicious Partner,manicmuse,9.0,8.0,10,9.0,10
8,Mary Stayed Out All Night,manicmuse,2.5,1.0,6.0,6.0,1.0
9,Signal,manicmuse,9.5,9.5,10,8.0,10
10,Protect the Boss,manicmuse,8.0,7.0,9.0,7.0,8.0
11,"Delightful Girl, Choon Hyang",manicmuse,5.0,5.0,7.0,7.0,4.0
12,My Girlfriend Is a Gumiho,manicmuse,9.0,9.0,9.0,9.0,9.0
13,Hit-and-Run Squad,manicmuse,7.0,6.0,9.0,5.0,5.0
14,Train to Busan,manicmuse,9.0,8.0,9.0,6.0,9.0
0,Mask,manicmuse,8.0,8.5,9.0,7.0,6.0
1,49 Days,manicmuse,6.0,9.0,9.0,7.0,3.0
2,Myung Wol the Spy,manicmuse,8.0,7.0,8.5,7.0,8.5
3,My Strange Hero,manicmuse,7.5,7.0,10,7.0,6.0
4,Grand Prince,manicmuse,7.0,7.0,8.0,7.5,6.0
5,Circle,manicmuse,9.0,9.0,9.0,8.0,9.0
6,The Girl Who Sees Scents,manicmuse,7.5,7.0,9.0,8.0,7.0
7,Arang and the Magistrate,manicmuse,8.5,8.0,10,10,8.0
8,Liar Game,manicmuse,8.0,7.5,9.0,7.0,8.0
9,The Dude In Me,manicmuse,4.0,2.0,6.0,5.0,2.0
10,Hide and Seek,manicmuse,3.0,3.0,4.0,4.0,1.0
11,To The Beautiful You,manicmuse,6.0,4.0,6.0,6.0,5.0
12,Love with Flaws,manicmuse,4.0,3.0,5.0,5.0,2.0
13,Full House ,manicmuse,7.0,6.0,8.0,8.0,8.0
14,City Hunter,manicmuse,9.0,10,9.0,6.0,8.0
0,Moon Lovers: Scarlet Heart Ryeo,manicmuse,7.5,7.0,9.0,8.0,7.0
1,Parasite,manicmuse,10,9.5,10,10,10
2,What's Wrong with Secretary Kim,manicmuse,9.5,9.5,10,9.0,10
3,Falling for Innocence,manicmuse,7.5,7.5,8.0,7.0,6.5
4,Blood,manicmuse,6.0,5.0,7.0,5.0,2.0
5,Weightlifting Fairy Kim Bok Joo,manicmuse,9.0,8.0,9.5,7.0,9.0
6,"Kill Me, Heal Me",manicmuse,9.5,10,10,9.5,9.0
7,Mother,manicmuse,10,10,10,9.0,10
8,The Game: Towards Zero,manicmuse,7.0,8.0,7.5,6.0,7.0
9,Familiar Wife,manicmuse,9.0,8.0,10,7.0,10
10,100 Days My Prince,manicmuse,8.5,8.0,9.5,8.0,7.5
11,Witch's Love,manicmuse,6.0,6.0,8.0,6.0,4.0
12,Let's Eat,manicmuse,7.5,6.0,9.0,7.0,6.0
13,Splash Splash LOVE,manicmuse,8.0,8.0,8.0,8.0,8.0
14,Secret,manicmuse,5.0,5.0,7.0,6.0,3.0
0,Are You Human Too?,manicmuse,9.0,9.0,10,8.0,9.0
1,Playful Kiss,manicmuse,7.0,7.0,8.0,6.0,5.0
2,One Spring Night,manicmuse,8.0,7.5,10,7.5,7.5
3,I Wanna Hear Your Song,manicmuse,7.0,6.5,8.5,6.0,6.0
4,The Heirs,manicmuse,4.0,3.0,6.0,5.0,2.0
5,Her Private Life,manicmuse,7.5,7.0,9.0,6.0,7.5
6,Wednesday 3:30 PM,manicmuse,8.0,7.0,8.0,8.0,9.0
7,Go Ho's Starry Night,manicmuse,7.0,6.0,7.5,7.5,7.0
8,The Happy Loner,manicmuse,7.0,7.0,8.0,7.0,7.0
9,Beyond the Clouds,manicmuse,7.5,7.0,9.0,6.0,7.0
10,The Village: Achiara's Secret,manicmuse,6.0,7.0,7.0,5.0,6.0
11,Witch's Romance,manicmuse,7.0,7.0,8.0,8.0,6.0
12,Prosecutor Princess,manicmuse,4.0,7.0,5.0,3.0,4.0
13,Something in the Rain,manicmuse,7.0,6.0,8.0,7.0,6.0
14,One Million Stars Falling from the Sky,manicmuse,7.5,8.0,7.0,7.0,7.0
0,Ms. Perfect,manicmuse,2.0,3.0,4.0,5.0,2.0
0,Ms. Perfect,manicmuse,2.0,3.0,4.0,5.0,2.0
